﻿comment_id,parent_comment_id,create_time,video_id,content,user_id,nickname,avatar,sub_comment_count,last_modify_ts
258224149153,258210148977,1743295846,114239821908167,蔚来的内饰确实舒服，但是定价太高，这个价位能买五系了都,33317769,死性不改orz,https://i0.hdslb.com/bfs/face/7ca75e4f5d8ed824079a5e8bc55cae524817219a.jpg,0,1743407248549
259086649008,258224149153,1743324368,114239821908167,回复 @死性不改orz :实际驾乘感受，56e比这个差远了，只能说品牌力跟不太上，很多人还是不认识,159263349,让棱块飞,http://i0.hdslb.com/bfs/face/a98931c14a30e5a2f8c88b1e578ef2dd06c48833.jpg,0,1743407248553
259102551680,258224149153,1743335849,114239821908167,回复 @死性不改orz : 这车级别跟56e差不多吧，只是牌子比传统豪华差点，其他各方面都是秒杀,329247041,MR咖啡良人,http://i2.hdslb.com/bfs/face/71344b6321e20c346130fd3234cd5b366248b5ab.jpg,0,1743407248554
258278866401,258224149153,1743338525,114239821908167,回复 @死性不改orz : 方便充电换电的话，实际体验远超同级别油车,7536687,Eder5on,https://i0.hdslb.com/bfs/face/50e639604a62c3b33d32110ab9221a539bce3ddb.jpg,0,1743407248556
259148323152,259102551680,1743391687,114239821908167,回复 @MR咖啡良人 :蔚来et7，整车价格超过5，6，E!,489239308,风雨读股人,http://i0.hdslb.com/bfs/face/member/noface.jpg,0,1743407248557
258929626528,258102288481,1743168792,114239821908167,发现也在开 开开电,12988724,融融枕边风,https://i2.hdslb.com/bfs/face/a12a94246833219e7ec4df4e2750e422e0e41acd.jpg,0,1743407249422
258188236161,258929626528,1743250184,114239821908167,回复 @融融枕边风 :请问这车有啥优缺点，想听听车主的分享,1300404475,仁山人海_,https://i1.hdslb.com/bfs/face/c957b5d8c9029ebea12c7b5d9f9854fd45b3bde8.jpg,0,1743407249424
259087190624,258188236161,1743324928,114239821908167,"回复 @仁山人海_ :优点：好看好开坐着舒服，悬挂不错，动力强
缺点：电耗比较高，隔音好但是内饰有异响，售后一般可以处理掉，但是时不时还会有，不过这事看运气，可能不是每辆车都这样",159263349,让棱块飞,http://i0.hdslb.com/bfs/face/a98931c14a30e5a2f8c88b1e578ef2dd06c48833.jpg,0,1743407249426
258264598977,259087190624,1743328157,114239821908167,回复 @让棱块飞 :蔚来都说续航不咋地车是好车,1300404475,仁山人海_,https://i1.hdslb.com/bfs/face/c957b5d8c9029ebea12c7b5d9f9854fd45b3bde8.jpg,0,1743407249427
259099788032,258264598977,1743333912,114239821908167,回复 @仁山人海_ :舒适配置多了，又是双电机，这个电耗也正常，反正出门能换电，就看自己能不能接受了,159263349,让棱块飞,http://i0.hdslb.com/bfs/face/a98931c14a30e5a2f8c88b1e578ef2dd06c48833.jpg,0,1743407249427
258319998225,259099788032,1743392393,114239821908167,回复 @让棱块飞 :您也是蔚来车主吗,1300404475,仁山人海_,https://i1.hdslb.com/bfs/face/c957b5d8c9029ebea12c7b5d9f9854fd45b3bde8.jpg,0,1743407249429
259154295120,258319998225,1743396314,114239821908167,回复 @仁山人海_ :是的，et7,159263349,让棱块飞,http://i0.hdslb.com/bfs/face/a98931c14a30e5a2f8c88b1e578ef2dd06c48833.jpg,0,1743407249430
259144404736,259129924224,1743387929,114239821908167,那是ET9,408209,双垂尾骑士,http://i1.hdslb.com/bfs/face/ee22902168201903ab272187f2e20c8d17efd729.jpg,0,1743407250295
258210148977,0,1743266016,114239821908167,这个内饰真好看，不像奔驰那么高调，但完全不显廉价，是一种优雅低调的豪华感，梦中情车了[大哭],38537751,SSSS_Meteor,https://i0.hdslb.com/bfs/face/ab542ddd8e68fa094d7e6924c7ec9d70d87b8420.jpg,5,1743407250805
258102288481,0,1743164574,114239821908167,咋不开发现啦[呲牙],3493084740455091,搬个马扎看闹剧,https://i0.hdslb.com/bfs/face/member/noface.jpg,7,1743407250807
258303443185,0,1743359895,114239821908167,这是头戴还是胸前视角呀,1329985977,Chos1nnnn,https://i0.hdslb.com/bfs/face/member/noface.jpg,0,1743407250808
259129924224,0,1743356473,114239821908167,听说新版et7标配100度电池了，恭喜,17076023,色鬼领袖,http://i2.hdslb.com/bfs/face/cc450f8c5fc198afbb26d9e8ccfb264659541121.jpg,1,1743407250810
259079369744,0,1743318466,114239821908167,这氛围灯比et5t的好看,8788212,不会取名字的惊__,http://i0.hdslb.com/bfs/face/9718a1a85f397bfc62a5628187e3b6ca911bec4a.jpg,0,1743407250811
258959830608,0,1743210024,114239821908167,好车[打call],1097632915,灵简智能,https://i1.hdslb.com/bfs/face/08106e7ab5a9403ae79fc2561b7dfe3c5c383a95.jpg,0,1743407250812
